<?xml version="1.0" encoding="UTF-8"?>
<launch4jConfig>
  <dontWrapJar>false</dontWrapJar>
  <headerType>gui</headerType>
  <jar>C:\projects\MusicPlayer\MusicPlayerApp\MusicPlayer.jar</jar>
  <outfile>MusicPlayerApp.exe</outfile>
  <errTitle></errTitle>
  <cmdLine></cmdLine>
  <chdir>.</chdir>
  <priority>normal</priority>
  <downloadUrl></downloadUrl>
  <supportUrl></supportUrl>
  <stayAlive>false</stayAlive>
  <restartOnCrash>false</restartOnCrash>
  <manifest></manifest>
  <icon></icon>
  <classPath>
    <mainClass>MusicPlayer</mainClass>
    <cp>lib/basicplayer-3.0.0.0.jar</cp>
    <cp>lib/jl1.0.1.jar</cp>
    <cp>lib/jlayer-1.0.1.jar</cp>
    <cp>lib/mp3spi1.9.5.jar</cp>
    <cp>lib/slf4j-api-2.0.17.jar</cp>
    <cp>lib/slf4j-simple-2.0.17.jar</cp>
    <cp>lib/tritonus-share-0.3.7-1.jar</cp>
  </classPath>
  <jre>
    <path>%JAVA_HOME%;%PATH%</path>
    <requiresJdk>false</requiresJdk>
    <requires64Bit>false</requires64Bit>
    <minVersion>1.8.0</minVersion>
    <maxVersion></maxVersion>
  </jre>
</launch4jConfig>